"crash_severity","collision_type","weather","light","road_surface","traffic_control","city","year","fatality","injury","id","Geometry"
"B-Injury","Pedestrian","Clear","Darkness, lighted road","Wet","Traffic Signal","Champaign","2011","0","1","3494","POINT (-88.2335492036491 40.1126691988351)"
"B-Injury","Pedestrian","Clear","Daylight","Dry","Stop Sign/Flasher","Urbana","2011","0","1","3495","POINT (-88.2089191599988 40.1115906257439)"
"B-Injury","Pedestrian","Clear","Darkness, lighted road","Dry","Stop Sign/Flasher","Champaign","2011","0","1","3496","POINT (-88.2344700702737 40.1041313512082)"
"B-Injury","Pedestrian","Clear","Darkness, lighted road","Dry","Traffic Signal","Urbana","2011","0","1","3497","POINT (-88.1906998189069 40.0984100921682)"
"A-Injury","Pedestrian","Clear","Daylight","Dry","No Controls","Urbana","2011","0","1","3498","POINT (-88.2035990490459 40.105640562549)"
"B-Injury","Pedestrian","Clear","Daylight","Dry","Traffic Signal","Urbana","2011","0","1","3499","POINT (-88.2049226673054 40.1092999450199)"
"A-Injury","Pedestrian","Rain","Darkness","Wet","No Controls","Urbana","2011","0","1","3500","POINT (-88.1956617695502 40.1056896247093)"
"A-Injury","Pedestrian","Clear","Daylight","Dry","No Controls","Champaign","2011","0","1","3501","POINT (-88.235392504874 40.1126505144051)"
"A-Injury","Pedestrian","Clear","Daylight","Dry","No Controls","Champaign","2011","0","1","3502","POINT (-88.235601661912 40.1163411416249)"
"C-Injury","Pedestrian","Rain","Darkness, lighted road","Wet","Traffic Signal","Urbana","2011","0","1","3504","POINT (-88.1906998156974 40.0984099173004)"
"A-Injury","Pedestrian","Clear","Darkness, lighted road","Dry","No Controls","Champaign","2011","0","1","3505","POINT (-88.2452174378777 40.1212965769275)"
"A-Injury","Pedestrian","Clear","Darkness","Dry","Stop Sign/Flasher","Champaign","2011","0","1","3506","POINT (-88.2320800272746 40.1126803308579)"
"C-Injury","Pedestrian","Clear","Daylight","Dry","Stop Sign/Flasher","Champaign","2011","0","2","3507","POINT (-88.2451896579701 40.115340059743)"
"B-Injury","Pedestrian","Rain","Darkness","Wet","Traffic Signal","Champaign","2011","0","1","3508","POINT (-88.2302885147772 40.1041713366547)"
"C-Injury","Pedestrian","Clear","Darkness","Dry","Stop Sign/Flasher","Urbana","2011","0","1","3509","POINT (-88.2037879979978 40.1125394616086)"
"A-Injury","Pedestrian","Clear","Darkness, lighted road","Dry","Traffic Signal","Champaign","2011","0","2","3510","POINT (-88.2335492036491 40.1126691988351)"
"B-Injury","Pedestrian","Rain","Daylight","Wet","Traffic Signal","Urbana","2011","0","1","3511","POINT (-88.2192395145701 40.105978800357)"
"A-Injury","Pedestrian","Clear","Darkness","Dry","School Zone","Urbana","2011","0","1","3512","POINT (-88.2049991586243 40.1036900070834)"
"C-Injury","Pedestrian","Clear","Daylight","Dry","Other","Urbana","2011","0","1","3513","POINT (-88.227890135452 40.1104084030145)"
"A-Injury","Pedestrian","Rain","Darkness","Wet","No Controls","Urbana","2011","0","2","3514","POINT (-88.2074239992347 40.1129908430836)"
"B-Injury","Pedestrian","Clear","Darkness, lighted road","Dry","Traffic Signal","Urbana","2011","0","1","3515","POINT (-88.2195408352587 40.1273696092058)"
"A-Injury","Pedestrian","Rain","Darkness","Wet","Traffic Signal","Champaign","2011","0","1","3516","POINT (-88.2579100794734 40.1182694965733)"
"Property Damage","Pedestrian","Rain","Darkness, lighted road","Wet","Traffic Signal","Champaign","2011","0","0","3517","POINT (-88.2468767239029 40.0835694618433)"
"A-Injury","Pedestrian","Rain","Darkness, lighted road","Wet","Traffic Signal","Champaign","2011","0","1","3518","POINT (-88.2468109054203 40.1126098810458)"
"B-Injury","Pedestrian","Rain","Darkness, lighted road","Wet","Traffic Signal","Champaign","2011","0","1","3519","POINT (-88.2302892065274 40.1041713290348)"
"A-Injury","Pedestrian","Clear","Daylight","Snow or Slush","No Controls","Champaign","2011","0","1","3520","POINT (-88.2484902741488 40.1126102822963)"
"Fatal","Pedestrian","Clear","Darkness","Ice","No Controls","Champaign","2011","1","0","3521","POINT (-88.2952108503235 40.0927475956363)"
"Fatal","Pedestrian","Rain","Darkness","Wet","Traffic Signal","Urbana","2011","1","0","3522","POINT (-88.2128199747718 40.116488673335)"
"A-Injury","Pedestrian","Rain","Darkness, lighted road","Wet","No Controls","Champaign","2011","0","1","3523","POINT (-88.2335713617701 40.1101435427583)"
"B-Injury","Pedestrian","Clear","Darkness, lighted road","Dry","No Controls","Urbana","2011","0","1","3524","POINT (-88.2238488449487 40.1053589209117)"
"B-Injury","Pedestrian","Clear","Daylight","Dry","No Controls","Champaign","2011","0","1","3525","POINT (-88.2858588722469 40.0993996487018)"
"A-Injury","Pedestrian","Clear","Daylight","Dry","No Controls","Urbana","2011","0","1","3526","POINT (-88.2194715180836 40.1211951643367)"
"B-Injury","Pedestrian","Clear","Darkness","Dry","No Controls","Urbana","2011","0","2","3527","POINT (-88.2194830440969 40.1255459063936)"
"B-Injury","Pedestrian","Clear","Daylight","Dry","Traffic Signal","Champaign","2011","0","1","3528","POINT (-88.2335625810691 40.1163548931494)"
"Fatal","Pedestrian","Rain","Darkness, lighted road","Wet","Traffic Signal","Rantoul","2011","1","0","3529","POINT (-88.155799676328 40.3081906655675)"
"B-Injury","Pedestrian","Rain","Daylight","Wet","No Controls","Urbana","2011","0","1","3530","POINT (-88.2231560734893 40.113549343517)"
"B-Injury","Pedestrian","Clear","Daylight","Dry","Other Warning Sign","Champaign","2011","0","1","3531","POINT (-88.2334904622336 40.1041397018553)"
"A-Injury","Pedestrian","Rain","Darkness","Wet","Stop Sign/Flasher","Champaign","2011","0","1","3532","POINT (-88.2335494232931 40.1144290680257)"
"B-Injury","Pedestrian","Clear","Daylight","Dry","No Controls","Champaign","2011","0","1","3533","POINT (-88.2388192722109 40.1284743327808)"
"B-Injury","Pedestrian","Clear","Darkness, lighted road","Dry","Traffic Signal","Champaign","2011","0","1","3534","POINT (-88.2387090408223 40.1102298946413)"
"A-Injury","Pedestrian","Other","Dusk","Dry","No Controls","Rantoul","2011","0","1","3535","POINT (-88.1412232019493 40.3215817900836)"
"B-Injury","Pedestrian","Clear","Darkness, lighted road","Dry","No Controls","Champaign","2011","0","1","3536","POINT (-88.2579851220706 40.1324458758262)"
"A-Injury","Pedestrian","Clear","Daylight","Dry","Traffic Signal","Urbana","2012","0","1","3537","POINT (-88.2126408536794 40.1164908841194)"
"A-Injury","Pedestrian","Rain","Darkness, lighted road","Wet","Lane Use Marking","Urbana","2012","0","1","3538","POINT (-88.2239400191976 40.1113730104384)"
"C-Injury","Pedestrian","Clear","Darkness","Dry","No Controls","Champaign","2012","0","1","3539","POINT (-88.2457888250649 40.1304370150213)"
"C-Injury","Pedestrian","Clear","Daylight","Dry","Stop Sign/Flasher","Urbana","2012","0","1","3540","POINT (-88.2256900008817 40.1163999990608)"
"Fatal","Pedestrian","Clear","Darkness, lighted road","Dry","Lane Use Marking","Urbana","2012","1","0","3541","POINT (-88.2095405767871 40.1165100007473)"
"A-Injury","Pedestrian","Clear","Darkness","Dry","No Controls","Urbana","2012","0","1","3542","POINT (-88.1735300120003 40.1058093910238)"
"A-Injury","Pedestrian","Clear","Daylight","Dry","Lane Use Marking","Mahomet","2012","0","1","3543","POINT (-88.3888229634812 40.1876164441801)"
"B-Injury","Pedestrian","Clear","Daylight","Dry","Traffic Signal","Urbana","2012","0","1","3544","POINT (-88.2049201878443 40.1092999971732)"
"B-Injury","Pedestrian","Clear","Daylight","Dry","No Controls","Urbana","2012","0","1","3545","POINT (-88.1907892761509 40.1024096591012)"
"B-Injury","Pedestrian","Clear","Darkness, lighted road","Dry","No Controls","Champaign","2012","0","1","3546","POINT (-88.2450988309256 40.1057270012633)"
"C-Injury","Pedestrian","Clear","Dusk","Dry","Stop Sign/Flasher","Urbana","2012","0","1","3547","POINT (-88.2238800005166 40.109080000409)"
"C-Injury","Pedestrian","Rain","Daylight","Wet","Traffic Signal","Urbana","2012","0","1","3548","POINT (-88.2191300008318 40.1006499990841)"
"C-Injury","Pedestrian","Other","Daylight","Wet","Stop Sign/Flasher","Champaign","2012","0","1","3549","POINT (-88.2767098780496 40.1103299981184)"
"B-Injury","Pedestrian","Clear","Daylight","Dry","No Controls","Urbana","2012","0","1","3550","POINT (-88.204604674422 40.10181946073)"
"A-Injury","Pedestrian","Clear","Daylight","Wet","Traffic Signal","Champaign","2012","0","1","3551","POINT (-88.2681887109867 40.1273085314534)"
"A-Injury","Pedestrian","Clear","Daylight","Dry","Traffic Signal","Urbana","2012","0","1","3552","POINT (-88.190699842529 40.0984099066275)"
"A-Injury","Pedestrian","Clear","Darkness, lighted road","Dry","Traffic Signal","Champaign","2012","0","1","3553","POINT (-88.2387099288848 40.1102299060727)"
"C-Injury","Pedestrian","Rain","Darkness, lighted road","Wet","Traffic Signal","Urbana","2012","0","1","3554","POINT (-88.219320001503 40.1105700003849)"
"A-Injury","Pedestrian","Clear","Darkness, lighted road","Dry","Traffic Signal","Urbana","2012","0","1","3555","POINT (-88.2193802116011 40.1128301566526)"
"C-Injury","Pedestrian","Clear","Daylight","Dry","Stop Sign/Flasher","Urbana","2012","0","1","3556","POINT (-88.203600000262 40.118899999048)"
"A-Injury","Pedestrian","Clear","Darkness, lighted road","Dry","Other Warning Sign","Urbana","2012","0","1","3557","POINT (-88.2279844500816 40.1041933366927)"
"B-Injury","Pedestrian","Clear","Daylight","Dry","No Controls","Rantoul","2012","0","1","3558","POINT (-88.162715135057 40.2838180228691)"
"C-Injury","Pedestrian","Clear","Darkness, lighted road","Dry","No Controls","Rantoul","2012","0","1","3559","POINT (-88.1620451402118 40.3021636135443)"
"B-Injury","Pedestrian","Clear","Darkness","Dry","No Controls","Unincorporated","2012","0","1","3560","POINT (-88.0425848977775 40.1279136237254)"
"B-Injury","Pedestrian","Rain","Darkness","Wet","Other Regualtory Sig","St Joseph","2012","0","1","3561","POINT (-88.0442022650918 40.1203410404724)"
"B-Injury","Pedestrian","Clear","Darkness","Dry","No Controls","Champaign","2012","0","1","3562","POINT (-88.2733920723582 40.1309844190578)"
"A-Injury","Pedestrian","Rain","Daylight","Wet","Other","Urbana","2012","0","3","3563","POINT (-88.2191999584708 40.1037001637469)"
"C-Injury","Pedestrian","Clear","Darkness","Dry","Lane Use Marking","Champaign","2012","0","1","3564","POINT (-88.2418779180803 40.134882699926)"
"B-Injury","Pedestrian","Clear","Daylight","Dry","Traffic Signal","Urbana","2012","0","1","3565","POINT (-88.2074082005778 40.1124600319321)"
"A-Injury","Pedestrian","Clear","Darkness, lighted road","Dry","No Controls","Champaign","2012","0","1","3566","POINT (-88.2467002287022 40.1221500013215)"
"B-Injury","Pedestrian","Clear","Daylight","Dry","No Controls","Broadlands","2012","0","1","3567","POINT (-87.994571527721 39.9101171969339)"
"B-Injury","Pedestrian","Clear","Darkness","Dry","No Controls","Unincorporated","2012","0","1","3568","POINT (-88.192291203681 40.1222371209235)"
"B-Injury","Pedestrian","Clear","Daylight","Dry","Traffic Signal","Champaign","2012","0","1","3569","POINT (-88.2335703878845 40.1102800935974)"
"B-Injury","Pedestrian","Clear","Daylight","Dry","Other Warning Sign","Urbana","2012","0","1","3570","POINT (-88.2281158014216 40.1103943539746)"
"C-Injury","Pedestrian","Clear","Darkness, lighted road","Dry","No Controls","Urbana","2012","0","1","3571","POINT (-88.2215128849542 40.1068991527979)"
"B-Injury","Pedestrian","Clear","Daylight","Dry","No Controls","Champaign","2012","0","1","3572","POINT (-88.2361209064666 40.1014817616558)"
"A-Injury","Pedestrian","Clear","Daylight","Dry","No Controls","Champaign","2012","0","1","3573","POINT (-88.2611211617437 40.1490807114509)"
"B-Injury","Pedestrian","Clear","Daylight","Dry","No Controls","Unincorporated","2012","0","1","3574","POINT (-88.3505025442696 40.0982941043909)"
"B-Injury","Pedestrian","Clear","Daylight","Dry","No Controls","Urbana","2012","0","1","3575","POINT (-88.2075601419872 40.1116518126063)"
"B-Injury","Pedestrian","Clear","Daylight","Dry","Lane Use Marking","Champaign","2012","0","1","3576","POINT (-88.238671136998 40.1055039587492)"
"C-Injury","Pedestrian","Clear","Daylight","Dry","No Controls","Unincorporated","2012","0","1","3577","POINT (-88.1762358965172 40.1098921970662)"
"A-Injury","Pedestrian","Clear","Darkness","Dry","No Controls","Champaign","2012","0","1","3578","POINT (-88.2759080652741 40.1293906950236)"
"B-Injury","Pedestrian","Clear","Daylight","Dry","No Controls","Champaign","2012","0","1","3579","POINT (-88.2498792771692 40.1153211748488)"
"C-Injury","Pedestrian","Clear","Daylight","Dry","Traffic Signal","Champaign","2012","0","1","3580","POINT (-88.2333299689103 40.0980904421409)"
"B-Injury","Pedestrian","Rain","Daylight","Wet","Stop Sign/Flasher","Urbana","2012","0","1","3581","POINT (-88.181280998453 40.1056920967927)"
"B-Injury","Pedestrian","Clear","Daylight","Dry","No Controls","Champaign","2012","0","1","3582","POINT (-88.2339095826221 40.1144320174502)"
"Property Damage","Pedestrian","Clear","Darkness","Dry","Traffic Signal","Urbana","2012","0","0","3583","POINT (-88.2193000733371 40.1090953225331)"
"B-Injury","Pedestrian","Clear","Daylight","Dry","No Controls","Champaign","2012","0","1","3584","POINT (-88.2579449021326 40.123948734286)"
"A-Injury","Pedestrian","Clear","Daylight","Dry","Stop Sign/Flasher","Champaign","2012","0","1","3585","POINT (-88.2386306632774 40.1026998943827)"
"B-Injury","Pedestrian","Clear","Daylight","Dry","Traffic Signal","Champaign","2013","0","1","3586","POINT (-88.2580145870011 40.1358598156419)"
"A-Injury","Pedestrian","Clear","Daylight","Wet","No Controls","Champaign","2013","0","1","3587","POINT (-88.2763309331188 40.0982563461419)"
"A-Injury","Pedestrian","Rain","Darkness","Wet","Traffic Signal","Champaign","2013","0","1","3588","POINT (-88.2426396190591 40.1163709565319)"
"C-Injury","Pedestrian","Clear","Daylight","Dry","Stop Sign/Flasher","Urbana","2013","0","1","3589","POINT (-88.2089200020434 40.1115899988419)"
"B-Injury","Pedestrian","Rain","Darkness, lighted road","Wet","Stop Sign/Flasher","Urbana","2013","0","2","3590","POINT (-88.2238700643718 40.1070101001835)"
"C-Injury","Pedestrian","Rain","Darkness","Wet","No Controls","Urbana","2013","0","1","3591","POINT (-88.2192500020292 40.1064700001941)"
"C-Injury","Pedestrian","Clear","Daylight","Dry","No Controls","Urbana","2013","0","1","3592","POINT (-88.2253520136623 40.1070012591045)"
"A-Injury","Pedestrian","Rain","Darkness, lighted road","Wet","Traffic Signal","Champaign","2013","0","1","3593","POINT (-88.2420810256713 40.117780249258)"
"A-Injury","Pedestrian","Clear","Daylight","Dry","No Controls","Urbana","2013","0","1","3594","POINT (-88.2094589963622 40.1045189611262)"
"A-Injury","Pedestrian","Clear","Daylight","Snow or Slush","Lane Use Marking","Unincorporated","2013","0","1","3595","POINT (-88.138874016939 40.3803089178262)"
"A-Injury","Pedestrian","Clear","Darkness","Dry","No Controls","Champaign","2013","0","1","3596","POINT (-88.2754900015208 40.1100463883892)"
"C-Injury","Pedestrian","Clear","Daylight","Dry","No Controls","Unincorporated","2013","0","1","3597","POINT (-88.1702552827499 40.1072057427836)"
"B-Injury","Pedestrian","Clear","Daylight","Dry","No Controls","Champaign","2013","0","1","3598","POINT (-88.2688999799994 40.1273215642414)"
"C-Injury","Pedestrian","Clear","Daylight","Dry","Traffic Signal","Champaign","2013","0","1","3599","POINT (-88.2768100001896 40.1164634703389)"
"B-Injury","Pedestrian","Rain","Darkness, lighted road","Wet","No Controls","Urbana","2013","0","1","3600","POINT (-88.2256908629376 40.116399999862)"
"B-Injury","Pedestrian","Clear","Daylight","Dry","Traffic Signal","Champaign","2013","0","2","3601","POINT (-88.2787200791876 40.1128499999024)"
"B-Injury","Pedestrian","Clear","Darkness, lighted road","Dry","Traffic Signal","Rantoul","2013","0","1","3602","POINT (-88.1365206939253 40.3121200000216)"
"B-Injury","Pedestrian","Clear","Daylight","Dry","Police/Flagman","Rantoul","2013","0","1","3603","POINT (-88.1938428723102 40.3098611427569)"
"B-Injury","Pedestrian","Clear","Daylight","NA","No Controls","Champaign","2013","0","1","3604","POINT (-88.2437200015581 40.1379699998255)"
"A-Injury","Pedestrian","Clear","Daylight","Dry","No Controls","Champaign","2013","0","1","3605","POINT (-88.2574098269763 40.0981499995507)"
"A-Injury","Pedestrian","Clear","Darkness, lighted road","Dry","No passing","Rantoul","2000","0","1","358","POINT (-88.1557692938791 40.3075933272871)"
"B-Injury","Pedestrian","Clear","Darkness, lighted road","Dry","No Controls","Rantoul","2013","0","1","3606","POINT (-88.164842763968 40.2882445975703)"
"A-Injury","Pedestrian","Clear","Daylight","Dry","Traffic Signal","Champaign","2013","0","1","3607","POINT (-88.2304004486867 40.1091401141153)"
"B-Injury","Pedestrian","Clear","Daylight","Dry","Lane Use Marking","Unincorporated","2013","0","1","3608","POINT (-88.3351451730816 40.1771967735786)"
"B-Injury","Pedestrian","Clear","Daylight","Dry","Traffic Signal","Urbana","2013","0","1","3609","POINT (-88.219479283755 40.1200702242438)"
"B-Injury","Pedestrian","Clear","Daylight","Dry","Stop Sign/Flasher","Champaign","2013","0","1","3610","POINT (-88.2338000038871 40.1261201818178)"
"B-Injury","Pedestrian","Clear","Daylight","Dry","No Controls","Champaign","2013","0","1","3611","POINT (-88.2730000671019 40.1395542093297)"
"B-Injury","Pedestrian","Clear","Daylight","Dry","No Controls","Champaign","2013","0","1","3612","POINT (-88.2577500002993 40.108132241355)"
"C-Injury","Pedestrian","Rain","Daylight","Wet","No Controls","Champaign","2013","0","1","3613","POINT (-88.2397798421231 40.1102096573404)"
"B-Injury","Pedestrian","Sleet/Hail","Darkness, lighted road","Wet","Traffic Signal","Champaign","2013","0","1","3614","POINT (-88.2434700198218 40.1102226600444)"
"B-Injury","Pedestrian","Rain","Darkness, lighted road","Wet","Stop Sign/Flasher","Urbana","2013","0","1","3615","POINT (-88.1906700009415 40.0947599993238)"
"B-Injury","Pedestrian","Clear","Daylight","Wet","No Controls","Champaign","2013","0","1","3616","POINT (-88.2812788271656 40.1061400084375)"
"B-Injury","Pedestrian","Clear","NA","NA","No Controls","Champaign","2013","0","1","3617","POINT (-88.2414405134437 40.09805000805)"
"C-Injury","Pedestrian","Clear","Darkness","Dry","No Controls","Urbana","2013","0","1","3618","POINT (-88.1782589927789 40.1129918385794)"
"B-Injury","Pedestrian","Clear","Daylight","Dry","No Controls","Urbana","2013","0","1","3619","POINT (-88.2192199202484 40.1046361560918)"
"A-Injury","Pedestrian","Clear","Darkness","Dry","Lane Use Marking","Champaign","2013","0","1","3620","POINT (-88.2725709900718 40.1128020697852)"
"C-Injury","Pedestrian","Clear","Daylight","Dry","Traffic Signal","Champaign","2013","0","1","3621","POINT (-88.2574894597362 40.0835999929205)"
"B-Injury","Pedestrian","Clear","Darkness","Dry","No Controls","Unincorporated","2013","0","1","3622","POINT (-88.3653100006426 40.1944592618415)"
"B-Injury","Pedestrian","Clear","Daylight","Dry","No Controls","Champaign","2013","0","1","3623","POINT (-88.2766674421944 40.108806605862)"
"A-Injury","Pedestrian","Clear","Daylight","Dry","Traffic Signal","Urbana","2013","0","1","3624","POINT (-88.224020000866 40.1164000001846)"
"C-Injury","Pedestrian","Clear","Daylight","Dry","No Controls","Mahomet","2013","0","1","3625","POINT (-88.3903172115052 40.1786305115412)"
"B-Injury","Pedestrian","Clear","Dusk","Dry","No Controls","Champaign","2013","0","1","3626","POINT (-88.2755014982525 40.13023726406)"
"B-Injury","Pedestrian","Clear","Darkness, lighted road","Dry","Traffic Signal","Urbana","2013","0","1","3627","POINT (-88.2193000649531 40.1090947767968)"
"C-Injury","Pedestrian","Clear","Daylight","Dry","No Controls","Urbana","2013","0","1","3628","POINT (-88.2018748802274 40.1036842273903)"
"B-Injury","Pedestrian","Clear","Daylight","Dry","Lane Use Marking","Champaign","2013","0","1","3629","POINT (-88.2386700006598 40.1053699998832)"
"B-Injury","Pedestrian","Other","Dawn","Dry","Traffic Signal","Urbana","2013","0","1","3630","POINT (-88.2193802116011 40.1128301566526)"
"B-Injury","Pedestrian","Clear","Daylight","Dry","Stop Sign/Flasher","Champaign","2013","0","1","3631","POINT (-88.2860888049806 40.1024017529489)"
"C-Injury","Pedestrian","Clear","Daylight","Dry","Stop Sign/Flasher","Champaign","2013","0","1","3632","POINT (-88.2436439742194 40.1313660870552)"
"C-Injury","Pedestrian","Rain","Darkness","Wet","No Controls","Champaign","2013","0","1","3633","POINT (-88.2931698869697 40.0771915375278)"
"B-Injury","Pedestrian","Clear","Daylight","Dry","No Controls","Champaign","2014","0","1","3634","POINT (-88.2482809366348 40.1090101100072)"
"A-Injury","Pedestrian","Clear","Daylight","Dry","Stop Sign/Flasher","Champaign","2014","0","1","3635","POINT (-88.2817423097205 40.0983400228863)"
"Property Damage","Pedestrian","Clear","Daylight","Dry","No Controls","Champaign","2014","0","0","3636","POINT (-88.2577757144201 40.1097539763354)"
"B-Injury","Pedestrian","Clear","Daylight","Dry","No Controls","Champaign","2014","0","1","3637","POINT (-88.2826080412578 40.0971859957264)"
"A-Injury","Pedestrian","Clear","Daylight","Dry","Lane Use Marking","Champaign","2014","0","1","3638","POINT (-88.2364062266332 40.1274013257951)"
"A-Injury","Pedestrian","Clear","Daylight","Dry","No Controls","Champaign","2014","0","1","3639","POINT (-88.2810781305 40.1032142712093)"
"B-Injury","Pedestrian","Clear","Darkness","Dry","Stop Sign/Flasher","Champaign","2014","0","1","3640","POINT (-88.2627100009444 40.1272299999694)"
"C-Injury","Pedestrian","Clear","Darkness, lighted road","Dry","Traffic Signal","Champaign","2014","0","1","3641","POINT (-88.2387099592693 40.1102317153999)"
"A-Injury","Pedestrian","Clear","Daylight","Dry","No Controls","Champaign","2014","0","1","3642","POINT (-88.2665041629917 40.1272840491356)"
"A-Injury","Pedestrian","Clear","Darkness, lighted road","Wet","Lane Use Marking","Champaign","2014","0","1","3643","POINT (-88.2723295936388 40.0982399951714)"
"A-Injury","Pedestrian","Clear","Daylight","Dry","No Controls","Champaign","2014","0","1","3644","POINT (-88.2591100298971 40.1380791567567)"
"B-Injury","Pedestrian","Clear","Daylight","Dry","Other","Champaign","2014","0","1","3645","POINT (-88.2409091404509 40.127211587229)"
"A-Injury","Pedestrian","Clear","Daylight","Dry","Traffic Signal","Champaign","2014","0","1","3646","POINT (-88.2468700014912 40.1271923425195)"
"C-Injury","Pedestrian","Clear","Daylight","Dry","Traffic Signal","Champaign","2014","0","1","3647","POINT (-88.2579050426514 40.1182722751846)"
"B-Injury","Pedestrian","Clear","Daylight","Dry","Traffic Signal","Champaign","2014","0","1","3648","POINT (-88.2767687165685 40.1128499846089)"
"B-Injury","Pedestrian","Clear","Daylight","Unknown","No Controls","Champaign","2014","0","1","3649","POINT (-88.2305779420049 40.1091368449939)"