"crash_severity","collision_type","weather","light","road_surface","traffic_control","city","year","fatality","injury","id","Geometry"
"A-Injury","Pedestrian","Clear","Daylight","Dry","No Controls","Unincorporated","2014","0","1","3650","POINT (-88.2747173122704 40.1416162683971)"
"A-Injury","Pedestrian","Rain","Darkness, lighted road","Wet","Traffic Signal","Unincorporated","2014","0","1","3651","POINT (-88.2384395116347 40.0833209774493)"
"C-Injury","Pedestrian","Rain","Daylight","Wet","Stop Sign/Flasher","Urbana","2014","0","1","3652","POINT (-88.2238600008613 40.1059599999172)"
"A-Injury","Pedestrian","Clear","Daylight","Dry","Traffic Signal","Champaign","2014","0","1","3653","POINT (-88.2385191270673 40.0980400081864)"
"C-Injury","Pedestrian","Clear","Darkness","Dry","Stop Sign/Flasher","Champaign","2014","0","1","3654","POINT (-88.2386507503147 40.104099997075)"
"B-Injury","Pedestrian","Rain","Darkness, lighted road","Wet","Lane Use Marking","Champaign","2014","0","1","3655","POINT (-88.2555036899106 40.1426295250452)"
"B-Injury","Pedestrian","Clear","Darkness, lighted road","Snow or Slush","Traffic Signal","Urbana","2014","0","1","3656","POINT (-88.2090200014334 40.1165099996012)"
"B-Injury","Pedestrian","Snow","Darkness, lighted road","Snow or Slush","No Controls","Urbana","2014","0","1","3657","POINT (-88.2026076913436 40.1056569460914)"
"A-Injury","Pedestrian","Clear","Daylight","Dry","Other","Urbana","2014","0","1","3658","POINT (-88.2192200017682 40.1046400001537)"
"A-Injury","Pedestrian","Clear","Darkness","Wet","No Controls","Urbana","2014","0","1","3659","POINT (-88.1673017196158 40.1112616747752)"
"C-Injury","Pedestrian","Clear","Daylight","Dry","No Controls","Urbana","2014","0","1","3660","POINT (-88.2071100214405 40.0883601745518)"
"C-Injury","Pedestrian","Rain","Daylight","Wet","Traffic Signal","Urbana","2014","0","1","3661","POINT (-88.215677935716 40.1164540071662)"
"A-Injury","Pedestrian","Clear","Daylight","Dry","No Controls","Urbana","2014","0","1","3662","POINT (-88.2004125221565 40.1254302061287)"
"B-Injury","Pedestrian","Rain","Darkness, lighted road","Wet","Traffic Signal","Urbana","2014","0","1","3663","POINT (-88.2193000160218 40.109091108457)"
"B-Injury","Pedestrian","Clear","Dawn","Dry","Stop Sign/Flasher","Urbana","2014","0","1","3665","POINT (-88.2094000007503 40.0837300000317)"
"A-Injury","Pedestrian","Clear","Daylight","Dry","Traffic Signal","Urbana","2014","0","1","3666","POINT (-88.2128186612493 40.116489818325)"
"A-Injury","Pedestrian","Clear","Daylight","Dry","Traffic Signal","Urbana","2014","0","1","3667","POINT (-88.2156798712409 40.1164539514851)"
"B-Injury","Pedestrian","Clear","Daylight","Dry","No Controls","Rantoul","2014","0","1","3668","POINT (-88.1404945721826 40.305585567002)"
"B-Injury","Pedestrian","Clear","Daylight","Dry","No Controls","Rantoul","2014","0","1","3669","POINT (-88.1425247159958 40.3111350433611)"
"A-Injury","Pedestrian","Clear","Daylight","Ice","Lane Use Marking","Unincorporated","2014","0","2","3670","POINT (-88.1394980734616 40.379045388431)"
"B-Injury","Pedestrian","Rain","Daylight","Unknown","Lane Use Marking","Unincorporated","2014","0","1","3671","POINT (-87.9839199580924 40.1199675674756)"
"A-Injury","Pedestrian","Fog/Smoke/Haze","Darkness","Ice","Other Warning Sign","Unincorporated","2014","0","1","3672","POINT (-88.033639058355 40.2395730369882)"
"B-Injury","Pedestrian","Clear","Daylight","Dry","No Controls","Champaign","2005","0","1","3673","POINT (-88.287944230157 40.1275392238396)"
"C-Injury","Pedestrian","Clear","Daylight","Dry","No Controls","Champaign","2005","0","1","3674","POINT (-88.2435182982277 40.112742537467)"
"Fatal","Pedestrian","Clear","Daylight","Dry","Lane Use Marking","Champaign","2005","1","0","3675","POINT (-88.2469286585144 40.1347510603195)"
"A-Injury","Pedestrian","Clear","Daylight","Dry","Lane Use Marking","Champaign","2005","0","1","3676","POINT (-88.2469754516474 40.1347511311834)"
"B-Injury","Pedestrian","Clear","Darkness","Dry","No Controls","Unincorporated","2005","0","1","3677","POINT (-88.136439685071 40.3422048278875)"
"A-Injury","Pedestrian","Clear","Darkness, lighted road","Dry","No Controls","Champaign","2005","0","1","3678","POINT (-88.2388061320679 40.1241423297854)"
"B-Injury","Pedestrian","Rain","Darkness","Wet","No Controls","Champaign","2005","0","1","3679","POINT (-88.2689079918957 40.1302969156471)"
"B-Injury","Pedestrian","Snow","Darkness, lighted road","Ice","No Controls","Unincorporated","2005","0","1","3680","POINT (-88.2095988850066 40.1415804731459)"
"B-Injury","Pedestrian","Clear","Daylight","Dry","School Zone","Champaign","2005","0","1","3681","POINT (-88.2812756605215 40.1061211513825)"
"A-Injury","Pedestrian","Clear","Daylight","Dry","No Controls","Champaign","2005","0","1","3682","POINT (-88.2387058559046 40.1109134033882)"
"C-Injury","Pedestrian","Clear","Daylight","Dry","No Controls","Urbana","2005","0","1","3683","POINT (-88.2049106547325 40.107641890792)"
"B-Injury","Pedestrian","Clear","Daylight","Dry","Stop Sign/Flasher","Champaign","2005","0","1","3684","POINT (-88.2321257962017 40.1241688737802)"
"Fatal","Pedestrian","Clear","Daylight","Dry","Stop Sign/Flasher","Champaign","2005","1","0","3685","POINT (-88.2303310649335 40.106869885038)"
"C-Injury","Pedestrian","Clear","Darkness, lighted road","Dry","Other Regualtory Sig","Champaign","2005","0","1","3686","POINT (-88.2288148038074 40.1055141380007)"
"B-Injury","Pedestrian","Snow","Daylight","Dry","No Controls","Urbana","2005","0","1","3687","POINT (-88.2288103404795 40.106918456021)"
"B-Injury","Pedestrian","Clear","Darkness","Dry","No Controls","Urbana","2005","0","1","3688","POINT (-88.1886971195513 40.1052674738109)"
"B-Injury","Pedestrian","Clear","Daylight","Dry","Traffic Signal","Champaign","2005","0","1","3689","POINT (-88.2434790867031 40.1101915430144)"
"B-Injury","Pedestrian","Clear","Darkness, lighted road","Dry","Traffic Signal","Champaign","2005","0","1","3690","POINT (-88.2434815833668 40.1101928203296)"
"B-Injury","Pedestrian","Clear","Daylight","Dry","Stop Sign/Flasher","Champaign","2005","0","1","3691","POINT (-88.2575188437735 40.0897074397065)"
"B-Injury","Pedestrian","Clear","Darkness, lighted road","Wet","Traffic Signal","Urbana","2005","0","1","3692","POINT (-88.2193655925179 40.1128236802819)"
"B-Injury","Pedestrian","Clear","Daylight","Dry","Traffic Signal","Champaign","2005","0","1","3693","POINT (-88.2578463841995 40.1182581531966)"
"A-Injury","Pedestrian","Clear","Daylight","Dry","Traffic Signal","Urbana","2005","0","1","3694","POINT (-88.2239613691299 40.1127749752943)"
"B-Injury","Pedestrian","Clear","Daylight","Dry","Traffic Signal","Urbana","2005","0","1","3695","POINT (-88.2049707157753 40.1125178962834)"
"A-Injury","Pedestrian","Rain","Daylight","Wet","No Controls","Urbana","2005","0","1","3696","POINT (-88.2076181225184 40.1124807618199)"
"B-Injury","Pedestrian","Clear","Darkness, lighted road","Unknown","No Controls","Urbana","2005","0","1","3697","POINT (-88.2206749262437 40.1128076214887)"
"B-Injury","Pedestrian","Clear","Daylight","Dry","No Controls","Urbana","2005","0","1","3698","POINT (-88.1945786562198 40.1139945934147)"
"C-Injury","Pedestrian","Clear","Darkness","Wet","Traffic Signal","Champaign","2005","0","1","3699","POINT (-88.2578465808412 40.1182575219501)"
"B-Injury","Pedestrian","Clear","Daylight","Dry","No Controls","Urbana","2005","0","1","3700","POINT (-88.196184072367 40.1162831161694)"
"A-Injury","Pedestrian","Clear","Daylight","Dry","No Controls","Urbana","2005","0","1","3701","POINT (-88.1678601547572 40.1133309599387)"
"B-Injury","Pedestrian","Clear","Darkness, lighted road","Wet","Traffic Signal","Urbana","2005","0","1","3702","POINT (-88.2156940179112 40.1164623856478)"
"A-Injury","Pedestrian","Clear","Daylight","Dry","Traffic Signal","Urbana","2005","0","1","3703","POINT (-88.20902056614 40.116525243238)"
"B-Injury","Pedestrian","Clear","Darkness, lighted road","Dry","Stop Sign/Flasher","Champaign","2005","0","1","3704","POINT (-88.2435432075911 40.1221272390779)"
"A-Injury","Pedestrian","Clear","Daylight","Dry","No Controls","Champaign","2005","0","1","3705","POINT (-88.2518038041985 40.1255399767328)"
"C-Injury","Pedestrian","Clear","Daylight","Dry","Stop Sign/Flasher","Champaign","2005","0","1","3706","POINT (-88.2626978760772 40.1272394736109)"
"C-Injury","Pedestrian","Clear","Daylight","Dry","Other Warning Sign","Champaign","2005","0","1","3707","POINT (-88.2684489142699 40.1273173215791)"
"B-Injury","Pedestrian","Clear","Daylight","Dry","Traffic Signal","Champaign","2005","0","1","3708","POINT (-88.2769571004285 40.1274234650923)"
"B-Injury","Pedestrian","Clear","Dusk","Dry","Traffic Signal","Champaign","2005","0","1","3709","POINT (-88.2860457148616 40.1129362348406)"
"B-Injury","Pedestrian","Clear","Daylight","Dry","No Controls","Champaign","2005","0","1","3710","POINT (-88.2724080626448 40.1128089010495)"
"B-Injury","Pedestrian","Clear","Daylight","Dry","Stop Sign/Flasher","Champaign","2005","0","1","3711","POINT (-88.2784333254652 40.1110516881623)"
"B-Injury","Pedestrian","Clear","Darkness, lighted road","Dry","No Controls","Champaign","2005","0","1","3712","POINT (-88.2302415680008 40.1103043820504)"
"B-Injury","Pedestrian","Clear","Daylight","Dry","Stop Sign/Flasher","Champaign","2005","0","1","3713","POINT (-88.2402998928858 40.1102183727744)"
"B-Injury","Pedestrian","Clear","Daylight","Dry","Traffic Signal","Champaign","2005","0","1","3714","POINT (-88.2335849569152 40.1102707225342)"
"Fatal","Pedestrian","Clear","Daylight","Dry","No Controls","Champaign","2005","1","0","3715","POINT (-88.2734324870798 40.1050861082534)"
"B-Injury","Pedestrian","Rain","Darkness, lighted road","Wet","No Controls","Champaign","2005","0","1","3716","POINT (-88.2292067152631 40.104187683728)"
"B-Injury","Pedestrian","Clear","Daylight","Dry","Traffic Signal","Champaign","2005","0","1","3717","POINT (-88.2302798667108 40.104187264618)"
"B-Injury","Pedestrian","Clear","Daylight","Dry","No Controls","Champaign","2005","0","1","3718","POINT (-88.2382927980914 40.1041052383422)"
"B-Injury","Pedestrian","Clear","Daylight","Dry","Traffic Signal","Champaign","2005","0","1","3719","POINT (-88.2438400423071 40.1026980095406)"
"B-Injury","Pedestrian","Clear","Daylight","Dry","No Controls","Urbana","2005","0","1","3720","POINT (-88.2201028769038 40.0993865602164)"
"A-Injury","Pedestrian","Clear","Daylight","Dry","Other","Urbana","2005","0","1","3721","POINT (-88.2221028814759 40.0981494859246)"
"A-Injury","Pedestrian","Clear","Daylight","Dry","No Controls","Champaign","2005","0","1","3722","POINT (-88.2534293823804 40.0940785258179)"
"B-Injury","Pedestrian","Clear","Darkness, lighted road","Dry","No Controls","Urbana","2005","0","1","3723","POINT (-88.1985031748519 40.0837664465844)"
"B-Injury","Pedestrian","Clear","Dusk","Wet","Unknown","Champaign","2007","0","1","3724","POINT (-88.2333297064422 40.0981007630023)"
"C-Injury","Pedestrian","Rain","Daylight","Wet","Unknown","Champaign","2007","0","1","3725","POINT (-88.2320477520908 40.1054333339187)"
"A-Injury","Pedestrian","Fog/Smoke/Haze","Darkness","Ice","Unknown","Champaign","2007","0","1","3726","POINT (-88.2320601041925 40.1079798715944)"
"Fatal","Pedestrian","Clear","Darkness, lighted road","Dry","Unknown","Urbana","2007","1","0","3727","POINT (-88.2119563271168 40.0982689784893)"
"A-Injury","Pedestrian","Clear","Daylight","Dry","Unknown","Urbana","2007","0","1","3728","POINT (-88.20192908635 40.1220232148876)"
"A-Injury","Pedestrian","Clear","Daylight","Dry","Unknown","Urbana","2007","0","1","3729","POINT (-88.2049952037702 40.1162792649482)"
"B-Injury","Pedestrian","Clear","Daylight","Dry","Unknown","Champaign","2007","0","1","3730","POINT (-88.2532002854748 40.1272004573286)"
"A-Injury","Pedestrian","Clear","Daylight","Dry","Unknown","Champaign","2007","0","1","3731","POINT (-88.2689011771719 40.1273122038326)"
"Property Damage","Pedestrian","Rain","Darkness, lighted road","Wet","Unknown","Urbana","2007","0","0","3733","POINT (-88.2194000563979 40.1128434847384)"
"B-Injury","Pedestrian","Clear","Daylight","Dry","Unknown","Urbana","2007","0","1","3734","POINT (-88.2256197202786 40.1128026826139)"
"A-Injury","Pedestrian","Clear","Darkness","Dry","Unknown","Champaign","2007","0","1","3735","POINT (-88.2625590073809 40.1163505727532)"
"B-Injury","Pedestrian","Clear","Daylight","Dry","Unknown","Champaign","2007","0","1","3736","POINT (-88.2434959783112 40.1116299552026)"
"B-Injury","Pedestrian","Clear","Daylight","Dry","Unknown","Champaign","2007","0","1","3737","POINT (-88.2579264707723 40.1182805370862)"
"C-Injury","Pedestrian","Clear","Daylight","Dry","Unknown","Champaign","2007","0","1","3738","POINT (-88.2578900464604 40.1163087260353)"
"A-Injury","Pedestrian","Clear","Daylight","Dry","Unknown","Urbana","2007","0","1","3739","POINT (-88.2089190150263 40.1124915473748)"
"C-Injury","Pedestrian","Clear","Daylight","Dry","Unknown","Champaign","2007","0","1","3741","POINT (-88.2673385391767 40.1163705365873)"
"C-Injury","Pedestrian","Clear","Daylight","Dry","Unknown","Champaign","2007","0","1","3742","POINT (-88.246860516792 40.1183091016764)"
"Fatal","Pedestrian","Clear","Daylight","Dry","Unknown","Champaign","2007","1","0","3743","POINT (-88.2468881776609 40.1254795268361)"
"A-Injury","Pedestrian","Clear","Daylight","Dry","Unknown","Urbana","2007","0","1","3744","POINT (-88.2194976560578 40.1206386616805)"
"A-Injury","Pedestrian","Clear","Daylight","Dry","Unknown","Urbana","2007","0","1","3745","POINT (-88.2192508406763 40.1059790852007)"
"A-Injury","Pedestrian","Clear","Daylight","Dry","Traffic Signal","Champaign","2004","0","1","501","POINT (-88.2579296297565 40.1321592484929)"
"B-Injury","Pedestrian","Clear","Darkness","Dry","Unknown","Champaign","2007","0","1","3746","POINT (-88.2453513676514 40.1314242313247)"
"B-Injury","Pedestrian","Clear","Darkness, lighted road","Wet","Unknown","Champaign","2007","0","1","3747","POINT (-88.2436112453802 40.1296395227577)"
"C-Injury","Pedestrian","Clear","Daylight","Wet","Unknown","Champaign","2007","0","1","3748","POINT (-88.2291027851364 40.1079914257688)"
"C-Injury","Pedestrian","Rain","Darkness, lighted road","Wet","Unknown","Champaign","2007","0","1","3749","POINT (-88.238718242151 40.1107806226415)"
"C-Injury","Pedestrian","Clear","Daylight","Dry","Unknown","Champaign","2007","0","1","3750","POINT (-88.2717411744374 40.1287319238672)"
"B-Injury","Pedestrian","Clear","Daylight","Other","Unknown","Urbana","2007","0","1","3751","POINT (-88.1914768705832 40.1016699808337)"
"B-Injury","Pedestrian","Clear","Daylight","Dry","Unknown","Champaign","2007","0","1","3752","POINT (-88.2879169494606 40.0914807495399)"
"B-Injury","Pedestrian","Clear","Daylight","Dry","Unknown","Champaign","2007","0","1","3753","POINT (-88.2670330514319 40.1274588568295)"
"C-Injury","Pedestrian","Clear","Daylight","Dry","Unknown","Champaign","2007","0","1","3755","POINT (-88.2403983555643 40.1102007329551)"
"A-Injury","Pedestrian","Clear","Daylight","Unknown","Unknown","Urbana","2007","0","1","3757","POINT (-88.2217103711647 40.1090800166519)"
"C-Injury","Pedestrian","Clear","Daylight","Wet","Unknown","Urbana","2007","0","1","3758","POINT (-88.2088550757723 40.1089457800526)"
"C-Injury","Pedestrian","Clear","Daylight","Dry","Unknown","Champaign","2007","0","1","3759","POINT (-88.2466736708905 40.1163409671625)"
"B-Injury","Pedestrian","Rain","Darkness, lighted road","Wet","Unknown","Champaign","2007","0","1","3760","POINT (-88.2369446411135 40.110260164997)"
"C-Injury","Pedestrian","Clear","Darkness, lighted road","Dry","Unknown","Champaign","2007","0","2","3761","POINT (-88.2351057082398 40.119320213591)"
"A-Injury","Pedestrian","Clear","Daylight","Dry","Traffic Signal","Champaign","2008","0","1","3776","POINT (-88.2579034539181 40.1182694417485)"
"B-Injury","Pedestrian","Clear","Daylight","Snow or Slush","No Controls","Champaign","2008","0","1","3777","POINT (-88.2396709020909 40.1249303657408)"
"A-Injury","Pedestrian","Clear","Daylight","Dry","No Controls","Champaign","2008","0","1","3778","POINT (-88.2350448087219 40.1102729055467)"
"B-Injury","Pedestrian","Clear","Darkness, lighted road","Dry","Traffic Signal","Champaign","2008","0","1","3779","POINT (-88.2304492758855 40.1126805320428)"
"C-Injury","Pedestrian","Clear","Dusk","Dry","Unknown","Champaign","2008","0","1","3780","POINT (-88.235358138675 40.1193267551509)"
"C-Injury","Pedestrian","Clear","Darkness, lighted road","Dry","Traffic Signal","Champaign","2008","0","1","3781","POINT (-88.2391089948922 40.1493900032817)"
"B-Injury","Pedestrian","Clear","Daylight","Dry","Traffic Signal","Champaign","2008","0","1","3782","POINT (-88.2414399970504 40.0980493798322)"
"Property Damage","Pedestrian","Clear","Daylight","Dry","No Controls","Rantoul","2008","0","0","3783","POINT (-88.1523409657644 40.3069907479912)"
"Fatal","Pedestrian","Clear","Darkness","Dry","No Controls","Unincorporated","2008","1","0","3784","POINT (-88.1623897304649 40.0958474994821)"
"B-Injury","Pedestrian","Rain","Darkness, lighted road","Wet","Traffic Signal","Urbana","2008","0","1","3785","POINT (-88.2050012669516 40.1124483992739)"
"B-Injury","Pedestrian","Clear","Daylight","Dry","No Controls","Urbana","2008","0","1","3786","POINT (-88.2026448821197 40.1056557362886)"
"A-Injury","Pedestrian","Clear","Daylight","Ice","No Controls","Urbana","2008","0","1","3787","POINT (-88.2284266289458 40.1103735713161)"
"B-Injury","Pedestrian","Clear","Daylight","Dry","Stop Sign/Flasher","Urbana","2008","0","1","3788","POINT (-88.2238585970579 40.1059599453352)"
"B-Injury","Pedestrian","Rain","Daylight","Wet","Stop Sign/Flasher","Champaign","2008","0","1","3789","POINT (-88.2389207557935 40.135258961612)"
"C-Injury","Pedestrian","Clear","Daylight","Dry","No Controls","Champaign","2008","0","1","3790","POINT (-88.2579582219878 40.1262787556897)"
"A-Injury","Pedestrian","Clear","Daylight","Dry","Stop Sign/Flasher","Champaign","2008","0","1","3791","POINT (-88.2468687766537 40.1202113312187)"
"B-Injury","Pedestrian","Clear","Daylight","Dry","No Controls","Champaign","2008","0","1","3792","POINT (-88.2812705048145 40.105592936603)"
"A-Injury","Pedestrian","Clear","Daylight","Dry","Traffic Signal","Urbana","2008","0","1","3793","POINT (-88.2239889413726 40.1128111217479)"
"B-Injury","Pedestrian","Clear","Darkness, lighted road","Dry","No Controls","Rantoul","2008","0","2","3794","POINT (-88.136491736071 40.3104230002629)"
"A-Injury","Pedestrian","Clear","Darkness","Dry","No Controls","Urbana","2008","0","1","3795","POINT (-88.2182456893914 40.110603905649)"
"B-Injury","Pedestrian","Clear","Daylight","Dry","No Controls","Champaign","2008","0","1","3796","POINT (-88.2769925518733 40.1307454230602)"
"B-Injury","Pedestrian","Clear","Daylight","Dry","Stop Sign/Flasher","Champaign","2008","0","1","3797","POINT (-88.2857890579038 40.0983802499076)"
"B-Injury","Pedestrian","Clear","Darkness","Dry","No Controls","Unincorporated","2008","0","3","3798","POINT (-88.3650377032326 40.2073702249219)"
"B-Injury","Pedestrian","Clear","Darkness, lighted road","Dry","Traffic Signal","Champaign","2008","0","1","3799","POINT (-88.2579890462627 40.1465189559963)"
"B-Injury","Pedestrian","Rain","Daylight","Wet","Traffic Signal","Champaign","2008","0","1","3800","POINT (-88.2452185440056 40.1173596555547)"
"B-Injury","Pedestrian","Clear","Darkness","Dry","Lane Use Marking","Mahomet","2008","0","1","3801","POINT (-88.3763122468765 40.1967939856521)"
"C-Injury","Pedestrian","Clear","Daylight","Dry","Traffic Signal","Tolono","2008","0","1","3802","POINT (-88.2625294083272 39.9863999524333)"
"C-Injury","Pedestrian","Rain","Daylight","Wet","Stop Sign/Flasher","Champaign","2008","0","1","3803","POINT (-88.2860099103096 40.1093087484319)"
"A-Injury","Pedestrian","Clear","Darkness, lighted road","Dry","No Controls","Champaign","2008","0","1","3804","POINT (-88.2320504653094 40.110299991431)"
"B-Injury","Pedestrian","Rain","Darkness, lighted road","Wet","Traffic Signal","Urbana","2008","0","1","3805","POINT (-88.2191305958169 40.1006490504101)"
"A-Injury","Pedestrian","Clear","Daylight","Dry","Traffic Signal","Urbana","2008","0","1","3806","POINT (-88.2156192888248 40.1164501497193)"
"Property Damage","Pedestrian","Clear","Daylight","Dry","Traffic Signal","Urbana","2008","0","0","3807","POINT (-88.2074105681976 40.1124603930175)"
"C-Injury","Pedestrian","Snow","Daylight","Snow or Slush","Traffic Signal","Champaign","2008","0","1","3808","POINT (-88.2335703585087 40.1102808682423)"
"A-Injury","Pedestrian","Clear","Daylight","Wet","No Controls","Champaign","2008","0","1","3809","POINT (-88.2951587696771 40.088680234933)"
"B-Injury","Pedestrian","Clear","Dusk","Dry","Traffic Signal","Champaign","2008","0","1","3810","POINT (-88.2435287017561 40.1211196078702)"
"B-Injury","Pedestrian","Clear","Dusk","Dry","No Controls","Champaign","2008","0","1","3811","POINT (-88.2496088415431 40.0980981082029)"
"B-Injury","Pedestrian","Snow","Dusk","Snow or Slush","No Controls","Champaign","2008","0","1","3812","POINT (-88.2771914568656 40.13750602167)"
"B-Injury","Pedestrian","Rain","Darkness, lighted road","Wet","Stop Sign/Flasher","Urbana","2008","0","1","3813","POINT (-88.2088691230548 40.1092204462115)"
"Fatal","Pedestrian","Clear","Daylight","Dry","Traffic Signal","Urbana","2009","1","0","3814","POINT (-88.2144300051288 40.116460255706)"
"C-Injury","Pedestrian","Clear","Darkness","Dry","Lane Use Marking","Urbana","2009","0","1","3815","POINT (-88.1937612568049 40.1345457547347)"
"A-Injury","Pedestrian","Clear","Darkness","Dry","No Controls","Champaign","2009","0","1","3816","POINT (-88.2961372098039 40.1093545339774)"
"B-Injury","Pedestrian","Clear","Daylight","Wet","Traffic Signal","Champaign","2009","0","1","3817","POINT (-88.2576295460503 40.098149983044)"
"B-Injury","Pedestrian","Clear","Darkness, lighted road","Dry","Traffic Signal","Champaign","2009","0","1","3818","POINT (-88.2334904622336 40.1041397018553)"
"B-Injury","Pedestrian","Snow","Daylight","Snow or Slush","No Controls","Unincorporated","2009","0","1","3819","POINT (-88.2973482108826 40.0907604021438)"
"C-Injury","Pedestrian","Clear","Daylight","Dry","Traffic Signal","Champaign","2009","0","2","3820","POINT (-88.2828294413204 40.1128913560889)"
"C-Injury","Pedestrian","Clear","Daylight","Dry","No Controls","Champaign","2009","0","2","3821","POINT (-88.2812784029397 40.1061421903371)"
"A-Injury","Pedestrian","Clear","Darkness","Dry","No Controls","Champaign","2009","0","1","3822","POINT (-88.2541137366633 40.1126498233272)"
"B-Injury","Pedestrian","Clear","Daylight","Dry","No Controls","Champaign","2009","0","1","3823","POINT (-88.2451522407237 40.1128646903486)"
"C-Injury","Pedestrian","Unknown","Daylight","Wet","Traffic Signal","Champaign","2009","0","1","3824","POINT (-88.2435090726112 40.1163595657812)"
"B-Injury","Pedestrian","Clear","Darkness, lighted road","Dry","No Controls","Champaign","2009","0","1","3825","POINT (-88.268919463718 40.1298999493391)"